block,basefee,gas_used,demand_lambda,block_max_gas,moving_avg_window,scenario
0,1.0,36582000,2200,150000000,25,low_demand
1,1.0,33663000,2200,150000000,25,low_demand
2,1.0,35910000,2200,150000000,25,low_demand
3,1.0,36519000,2200,150000000,25,low_demand
4,1.0,35658000,2200,150000000,25,low_demand
5,1.0,35532000,2200,150000000,25,low_demand
6,1.0,36624000,2200,150000000,25,low_demand
7,1.0,37107000,2200,150000000,25,low_demand
8,1.0,35931000,2200,150000000,25,low_demand
9,1.0,37527000,2200,150000000,25,low_demand
10,1.0,33810000,2200,150000000,25,low_demand
11,1.0,34461000,2200,150000000,25,low_demand
12,1.0,34776000,2200,150000000,25,low_demand
13,1.0,35868000,2200,150000000,25,low_demand
14,1.0,36708000,2200,150000000,25,low_demand
15,1.0,37128000,2200,150000000,25,low_demand
16,1.0,34965000,2200,150000000,25,low_demand
17,1.0,35973000,2200,150000000,25,low_demand
18,1.0,36456000,2200,150000000,25,low_demand
19,1.0,35280000,2200,150000000,25,low_demand
20,1.0,36141000,2200,150000000,25,low_demand
21,1.0,35490000,2200,150000000,25,low_demand
22,1.0,35658000,2200,150000000,25,low_demand
23,1.0,34461000,2200,150000000,25,low_demand
24,1.0,35868000,2200,150000000,25,low_demand
25,1.0,36477000,2200,150000000,25,low_demand
26,1.0,35133000,2200,150000000,25,low_demand
27,1.0,36309000,2200,150000000,25,low_demand
28,1.0,35259000,2200,150000000,25,low_demand
29,1.0,37716000,2200,150000000,25,low_demand
30,1.0,35469000,2200,150000000,25,low_demand
31,1.0,33936000,2200,150000000,25,low_demand
32,1.0,35511000,2200,150000000,25,low_demand
33,1.0,34923000,2200,150000000,25,low_demand
34,1.0,35763000,2200,150000000,25,low_demand
35,1.0,34398000,2200,150000000,25,low_demand
36,1.0,35385000,2200,150000000,25,low_demand
37,1.0,35259000,2200,150000000,25,low_demand
38,1.0,35700000,2200,150000000,25,low_demand
39,1.0,36519000,2200,150000000,25,low_demand
40,1.0,34692000,2200,150000000,25,low_demand
41,1.0,35259000,2200,150000000,25,low_demand
42,1.0,35238000,2200,150000000,25,low_demand
43,1.0,34839000,2200,150000000,25,low_demand
44,1.0,34692000,2200,150000000,25,low_demand
45,1.0,35700000,2200,150000000,25,low_demand
46,1.0,37548000,2200,150000000,25,low_demand
47,1.0,35343000,2200,150000000,25,low_demand
48,1.0,36141000,2200,150000000,25,low_demand
49,1.0,37716000,2200,150000000,25,low_demand
50,1.0,37002000,2200,150000000,25,low_demand
51,1.0,37086000,2200,150000000,25,low_demand
52,1.0,36057000,2200,150000000,25,low_demand
53,1.0,35511000,2200,150000000,25,low_demand
54,1.0,35511000,2200,150000000,25,low_demand
55,1.0,35238000,2200,150000000,25,low_demand
56,1.0,35490000,2200,150000000,25,low_demand
57,1.0,36708000,2200,150000000,25,low_demand
58,1.0,35952000,2200,150000000,25,low_demand
59,1.0,34734000,2200,150000000,25,low_demand
60,1.0,37002000,2200,150000000,25,low_demand
61,1.0,35070000,2200,150000000,25,low_demand
62,1.0,35595000,2200,150000000,25,low_demand
63,1.0,36141000,2200,150000000,25,low_demand
64,1.0,35217000,2200,150000000,25,low_demand
65,1.0,35343000,2200,150000000,25,low_demand
66,1.0,35259000,2200,150000000,25,low_demand
67,1.0,34629000,2200,150000000,25,low_demand
68,1.0,35301000,2200,150000000,25,low_demand
69,1.0,36246000,2200,150000000,25,low_demand
70,1.0,35553000,2200,150000000,25,low_demand
71,1.0,35196000,2200,150000000,25,low_demand
72,1.0,35952000,2200,150000000,25,low_demand
73,1.0,36561000,2200,150000000,25,low_demand
74,1.0,36876000,2200,150000000,25,low_demand
75,1.0,37548000,2200,150000000,25,low_demand
76,1.0,33705000,2200,150000000,25,low_demand
77,1.0,35952000,2200,150000000,25,low_demand
78,1.0,34881000,2200,150000000,25,low_demand
79,1.0,36162000,2200,150000000,25,low_demand
80,1.0,37317000,2200,150000000,25,low_demand
81,1.0,35595000,2200,150000000,25,low_demand
82,1.0,35805000,2200,150000000,25,low_demand
83,1.0,36393000,2200,150000000,25,low_demand
84,1.0,36141000,2200,150000000,25,low_demand
85,1.0,36246000,2200,150000000,25,low_demand
86,1.0,35175000,2200,150000000,25,low_demand
87,1.0,36414000,2200,150000000,25,low_demand
88,1.0,37611000,2200,150000000,25,low_demand
89,1.0,35784000,2200,150000000,25,low_demand
90,1.0,35847000,2200,150000000,25,low_demand
91,1.0,36057000,2200,150000000,25,low_demand
92,1.0,35952000,2200,150000000,25,low_demand
93,1.0,35133000,2200,150000000,25,low_demand
94,1.0,37275000,2200,150000000,25,low_demand
95,1.0,36414000,2200,150000000,25,low_demand
96,1.0,34230000,2200,150000000,25,low_demand
97,1.0,36183000,2200,150000000,25,low_demand
98,1.0,34944000,2200,150000000,25,low_demand
99,1.0,35868000,2200,150000000,25,low_demand
100,1.0,37527000,2200,150000000,25,low_demand
101,1.0,35595000,2200,150000000,25,low_demand
102,1.0,36225000,2200,150000000,25,low_demand
103,1.0,35091000,2200,150000000,25,low_demand
104,1.0,36015000,2200,150000000,25,low_demand
105,1.0,35637000,2200,150000000,25,low_demand
106,1.0,36267000,2200,150000000,25,low_demand
107,1.0,35280000,2200,150000000,25,low_demand
108,1.0,36477000,2200,150000000,25,low_demand
109,1.0,36456000,2200,150000000,25,low_demand
110,1.0,35553000,2200,150000000,25,low_demand
111,1.0,35007000,2200,150000000,25,low_demand
112,1.0,34944000,2200,150000000,25,low_demand
113,1.0,38094000,2200,150000000,25,low_demand
114,1.0,35385000,2200,150000000,25,low_demand
115,1.0,35553000,2200,150000000,25,low_demand
116,1.0,35658000,2200,150000000,25,low_demand
117,1.0,35490000,2200,150000000,25,low_demand
118,1.0,36960000,2200,150000000,25,low_demand
119,1.0,36288000,2200,150000000,25,low_demand
120,1.0,36582000,2200,150000000,25,low_demand
121,1.0,35721000,2200,150000000,25,low_demand
122,1.0,35469000,2200,150000000,25,low_demand
123,1.0,37044000,2200,150000000,25,low_demand
124,1.0,35658000,2200,150000000,25,low_demand
125,1.0,34839000,2200,150000000,25,low_demand
126,1.0,36540000,2200,150000000,25,low_demand
127,1.0,34944000,2200,150000000,25,low_demand
128,1.0,35511000,2200,150000000,25,low_demand
129,1.0,35784000,2200,150000000,25,low_demand
130,1.0,35742000,2200,150000000,25,low_demand
131,1.0,35175000,2200,150000000,25,low_demand
132,1.0,37884000,2200,150000000,25,low_demand
133,1.0,35805000,2200,150000000,25,low_demand
134,1.0,36162000,2200,150000000,25,low_demand
135,1.0,34461000,2200,150000000,25,low_demand
136,1.0,36057000,2200,150000000,25,low_demand
137,1.0,36624000,2200,150000000,25,low_demand
138,1.0,35112000,2200,150000000,25,low_demand
139,1.0,36099000,2200,150000000,25,low_demand
140,1.0,35280000,2200,150000000,25,low_demand
141,1.0,35007000,2200,150000000,25,low_demand
142,1.0,36834000,2200,150000000,25,low_demand
143,1.0,35343000,2200,150000000,25,low_demand
144,1.0,34734000,2200,150000000,25,low_demand
145,1.0,35784000,2200,150000000,25,low_demand
146,1.0,35133000,2200,150000000,25,low_demand
147,1.0,36708000,2200,150000000,25,low_demand
148,1.0,35889000,2200,150000000,25,low_demand
149,1.0,36792000,2200,150000000,25,low_demand
150,1.0,35028000,2200,150000000,25,low_demand
151,1.0,35721000,2200,150000000,25,low_demand
152,1.0,36876000,2200,150000000,25,low_demand
153,1.0,36540000,2200,150000000,25,low_demand
154,1.0,35448000,2200,150000000,25,low_demand
155,1.0,34041000,2200,150000000,25,low_demand
156,1.0,35910000,2200,150000000,25,low_demand
157,1.0,35805000,2200,150000000,25,low_demand
158,1.0,35406000,2200,150000000,25,low_demand
159,1.0,36015000,2200,150000000,25,low_demand
160,1.0,35847000,2200,150000000,25,low_demand
161,1.0,36834000,2200,150000000,25,low_demand
162,1.0,36078000,2200,150000000,25,low_demand
163,1.0,35742000,2200,150000000,25,low_demand
164,1.0,35448000,2200,150000000,25,low_demand
165,1.0,36834000,2200,150000000,25,low_demand
166,1.0,36729000,2200,150000000,25,low_demand
167,1.0,34776000,2200,150000000,25,low_demand
168,1.0,35175000,2200,150000000,25,low_demand
169,1.0,37023000,2200,150000000,25,low_demand
170,1.0,35091000,2200,150000000,25,low_demand
171,1.0,36687000,2200,150000000,25,low_demand
172,1.0,36162000,2200,150000000,25,low_demand
173,1.0,36330000,2200,150000000,25,low_demand
174,1.0,35616000,2200,150000000,25,low_demand
175,1.0,34797000,2200,150000000,25,low_demand
176,1.0,36855000,2200,150000000,25,low_demand
177,1.0,36498000,2200,150000000,25,low_demand
178,1.0,35595000,2200,150000000,25,low_demand
179,1.0,34125000,2200,150000000,25,low_demand
180,1.0,35595000,2200,150000000,25,low_demand
181,1.0,36204000,2200,150000000,25,low_demand
182,1.0,35406000,2200,150000000,25,low_demand
183,1.0,35175000,2200,150000000,25,low_demand
184,1.0,34860000,2200,150000000,25,low_demand
185,1.0,36792000,2200,150000000,25,low_demand
186,1.0,36708000,2200,150000000,25,low_demand
187,1.0,35868000,2200,150000000,25,low_demand
188,1.0,36582000,2200,150000000,25,low_demand
189,1.0,36813000,2200,150000000,25,low_demand
190,1.0,35784000,2200,150000000,25,low_demand
191,1.0,36813000,2200,150000000,25,low_demand
192,1.0,34503000,2200,150000000,25,low_demand
193,1.0,36792000,2200,150000000,25,low_demand
194,1.0,35007000,2200,150000000,25,low_demand
195,1.0,35994000,2200,150000000,25,low_demand
196,1.0,35931000,2200,150000000,25,low_demand
197,1.0,36519000,2200,150000000,25,low_demand
198,1.0,36561000,2200,150000000,25,low_demand
199,1.0,36750000,2200,150000000,25,low_demand
200,1.0,36204000,2200,150000000,25,low_demand
201,1.0,35427000,2200,150000000,25,low_demand
202,1.0,37149000,2200,150000000,25,low_demand
203,1.0,37023000,2200,150000000,25,low_demand
204,1.0,36603000,2200,150000000,25,low_demand
205,1.0,36141000,2200,150000000,25,low_demand
206,1.0,34965000,2200,150000000,25,low_demand
207,1.0,36834000,2200,150000000,25,low_demand
208,1.0,35931000,2200,150000000,25,low_demand
209,1.0,35280000,2200,150000000,25,low_demand
210,1.0,35196000,2200,150000000,25,low_demand
211,1.0,35637000,2200,150000000,25,low_demand
212,1.0,35154000,2200,150000000,25,low_demand
213,1.0,36351000,2200,150000000,25,low_demand
214,1.0,36645000,2200,150000000,25,low_demand
215,1.0,36750000,2200,150000000,25,low_demand
216,1.0,36540000,2200,150000000,25,low_demand
217,1.0,36456000,2200,150000000,25,low_demand
218,1.0,35406000,2200,150000000,25,low_demand
219,1.0,36246000,2200,150000000,25,low_demand
220,1.0,35700000,2200,150000000,25,low_demand
221,1.0,36099000,2200,150000000,25,low_demand
222,1.0,35679000,2200,150000000,25,low_demand
223,1.0,35994000,2200,150000000,25,low_demand
224,1.0,35364000,2200,150000000,25,low_demand
225,1.0,35238000,2200,150000000,25,low_demand
226,1.0,36645000,2200,150000000,25,low_demand
227,1.0,35742000,2200,150000000,25,low_demand
228,1.0,35217000,2200,150000000,25,low_demand
229,1.0,35469000,2200,150000000,25,low_demand
230,1.0,35133000,2200,150000000,25,low_demand
231,1.0,34398000,2200,150000000,25,low_demand
232,1.0,34818000,2200,150000000,25,low_demand
233,1.0,37863000,2200,150000000,25,low_demand
234,1.0,36036000,2200,150000000,25,low_demand
235,1.0,35889000,2200,150000000,25,low_demand
236,1.0,34881000,2200,150000000,25,low_demand
237,1.0,36540000,2200,150000000,25,low_demand
238,1.0,35343000,2200,150000000,25,low_demand
239,1.0,35952000,2200,150000000,25,low_demand
240,1.0,34524000,2200,150000000,25,low_demand
241,1.0,36813000,2200,150000000,25,low_demand
242,1.0,35448000,2200,150000000,25,low_demand
243,1.0,36141000,2200,150000000,25,low_demand
244,1.0,37338000,2200,150000000,25,low_demand
245,1.0,35658000,2200,150000000,25,low_demand
246,1.0,37338000,2200,150000000,25,low_demand
247,1.0,37296000,2200,150000000,25,low_demand
248,1.0,35742000,2200,150000000,25,low_demand
249,1.0,34314000,2200,150000000,25,low_demand
250,1.0,35322000,2200,150000000,25,low_demand
251,1.0,37023000,2200,150000000,25,low_demand
252,1.0,34965000,2200,150000000,25,low_demand
253,1.0,36225000,2200,150000000,25,low_demand
254,1.0,34692000,2200,150000000,25,low_demand
255,1.0,35826000,2200,150000000,25,low_demand
256,1.0,35595000,2200,150000000,25,low_demand
257,1.0,37128000,2200,150000000,25,low_demand
258,1.0,36309000,2200,150000000,25,low_demand
259,1.0,35595000,2200,150000000,25,low_demand
260,1.0,36393000,2200,150000000,25,low_demand
261,1.0,35280000,2200,150000000,25,low_demand
262,1.0,35364000,2200,150000000,25,low_demand
263,1.0,34230000,2200,150000000,25,low_demand
264,1.0,35742000,2200,150000000,25,low_demand
265,1.0,35259000,2200,150000000,25,low_demand
266,1.0,36183000,2200,150000000,25,low_demand
267,1.0,35364000,2200,150000000,25,low_demand
268,1.0,34755000,2200,150000000,25,low_demand
269,1.0,36288000,2200,150000000,25,low_demand
270,1.0,35868000,2200,150000000,25,low_demand
271,1.0,37674000,2200,150000000,25,low_demand
272,1.0,35616000,2200,150000000,25,low_demand
273,1.0,36393000,2200,150000000,25,low_demand
274,1.0,35448000,2200,150000000,25,low_demand
275,1.0,35301000,2200,150000000,25,low_demand
276,1.0,35889000,2200,150000000,25,low_demand
277,1.0,36057000,2200,150000000,25,low_demand
278,1.0,34608000,2200,150000000,25,low_demand
279,1.0,36498000,2200,150000000,25,low_demand
280,1.0,34713000,2200,150000000,25,low_demand
281,1.0,35322000,2200,150000000,25,low_demand
282,1.0,35931000,2200,150000000,25,low_demand
283,1.0,35469000,2200,150000000,25,low_demand
284,1.0,35154000,2200,150000000,25,low_demand
285,1.0,36792000,2200,150000000,25,low_demand
286,1.0,36456000,2200,150000000,25,low_demand
287,1.0,34293000,2200,150000000,25,low_demand
288,1.0,35511000,2200,150000000,25,low_demand
289,1.0,34776000,2200,150000000,25,low_demand
290,1.0,36645000,2200,150000000,25,low_demand
291,1.0,35469000,2200,150000000,25,low_demand
292,1.0,35952000,2200,150000000,25,low_demand
293,1.0,34377000,2200,150000000,25,low_demand
294,1.0,35553000,2200,150000000,25,low_demand
295,1.0,35259000,2200,150000000,25,low_demand
296,1.0,35616000,2200,150000000,25,low_demand
297,1.0,33537000,2200,150000000,25,low_demand
298,1.0,35826000,2200,150000000,25,low_demand
299,1.0,36267000,2200,150000000,25,low_demand
300,1.0,36078000,2200,150000000,25,low_demand
301,1.0,35721000,2200,150000000,25,low_demand
302,1.0,38094000,2200,150000000,25,low_demand
303,1.0,34671000,2200,150000000,25,low_demand
304,1.0,34482000,2200,150000000,25,low_demand
305,1.0,35763000,2200,150000000,25,low_demand
306,1.0,36225000,2200,150000000,25,low_demand
307,1.0,35553000,2200,150000000,25,low_demand
308,1.0,37170000,2200,150000000,25,low_demand
309,1.0,36141000,2200,150000000,25,low_demand
310,1.0,36519000,2200,150000000,25,low_demand
311,1.0,37170000,2200,150000000,25,low_demand
312,1.0,35070000,2200,150000000,25,low_demand
313,1.0,38367000,2200,150000000,25,low_demand
314,1.0,36309000,2200,150000000,25,low_demand
315,1.0,35658000,2200,150000000,25,low_demand
316,1.0,36372000,2200,150000000,25,low_demand
317,1.0,35616000,2200,150000000,25,low_demand
318,1.0,36876000,2200,150000000,25,low_demand
319,1.0,36834000,2200,150000000,25,low_demand
320,1.0,34944000,2200,150000000,25,low_demand
321,1.0,35658000,2200,150000000,25,low_demand
322,1.0,35889000,2200,150000000,25,low_demand
323,1.0,36477000,2200,150000000,25,low_demand
324,1.0,34167000,2200,150000000,25,low_demand
325,1.0,36456000,2200,150000000,25,low_demand
326,1.0,35448000,2200,150000000,25,low_demand
327,1.0,35805000,2200,150000000,25,low_demand
328,1.0,37338000,2200,150000000,25,low_demand
329,1.0,34986000,2200,150000000,25,low_demand
330,1.0,35343000,2200,150000000,25,low_demand
331,1.0,36330000,2200,150000000,25,low_demand
332,1.0,34671000,2200,150000000,25,low_demand
333,1.0,35343000,2200,150000000,25,low_demand
334,1.0,37800000,2200,150000000,25,low_demand
335,1.0,35784000,2200,150000000,25,low_demand
336,1.0,35175000,2200,150000000,25,low_demand
337,1.0,35742000,2200,150000000,25,low_demand
338,1.0,34944000,2200,150000000,25,low_demand
339,1.0,37422000,2200,150000000,25,low_demand
340,1.0,35952000,2200,150000000,25,low_demand
341,1.0,34587000,2200,150000000,25,low_demand
342,1.0,36015000,2200,150000000,25,low_demand
343,1.0,35385000,2200,150000000,25,low_demand
344,1.0,34230000,2200,150000000,25,low_demand
345,1.0,34188000,2200,150000000,25,low_demand
346,1.0,34377000,2200,150000000,25,low_demand
347,1.0,36099000,2200,150000000,25,low_demand
348,1.0,36435000,2200,150000000,25,low_demand
349,1.0,34293000,2200,150000000,25,low_demand
350,1.0,36456000,2200,150000000,25,low_demand
351,1.0,36120000,2200,150000000,25,low_demand
352,1.0,37548000,2200,150000000,25,low_demand
353,1.0,36540000,2200,150000000,25,low_demand
354,1.0,36204000,2200,150000000,25,low_demand
355,1.0,36981000,2200,150000000,25,low_demand
356,1.0,35637000,2200,150000000,25,low_demand
357,1.0,37023000,2200,150000000,25,low_demand
358,1.0,35868000,2200,150000000,25,low_demand
359,1.0,36078000,2200,150000000,25,low_demand
360,1.0,37191000,2200,150000000,25,low_demand
361,1.0,35595000,2200,150000000,25,low_demand
362,1.0,37380000,2200,150000000,25,low_demand
363,1.0,35868000,2200,150000000,25,low_demand
364,1.0,37002000,2200,150000000,25,low_demand
365,1.0,36351000,2200,150000000,25,low_demand
366,1.0,35847000,2200,150000000,25,low_demand
367,1.0,35994000,2200,150000000,25,low_demand
368,1.0,35763000,2200,150000000,25,low_demand
369,1.0,36813000,2200,150000000,25,low_demand
370,1.0,36225000,2200,150000000,25,low_demand
371,1.0,35049000,2200,150000000,25,low_demand
372,1.0,36792000,2200,150000000,25,low_demand
373,1.0,35280000,2200,150000000,25,low_demand
374,1.0,36204000,2200,150000000,25,low_demand
375,1.0,34587000,2200,150000000,25,low_demand
376,1.0,36666000,2200,150000000,25,low_demand
377,1.0,36204000,2200,150000000,25,low_demand
378,1.0,35301000,2200,150000000,25,low_demand
379,1.0,36645000,2200,150000000,25,low_demand
380,1.0,35133000,2200,150000000,25,low_demand
381,1.0,36288000,2200,150000000,25,low_demand
382,1.0,34755000,2200,150000000,25,low_demand
383,1.0,35490000,2200,150000000,25,low_demand
384,1.0,35448000,2200,150000000,25,low_demand
385,1.0,35301000,2200,150000000,25,low_demand
386,1.0,36414000,2200,150000000,25,low_demand
387,1.0,36435000,2200,150000000,25,low_demand
388,1.0,37170000,2200,150000000,25,low_demand
389,1.0,36708000,2200,150000000,25,low_demand
390,1.0,35973000,2200,150000000,25,low_demand
391,1.0,34860000,2200,150000000,25,low_demand
392,1.0,36183000,2200,150000000,25,low_demand
393,1.0,34818000,2200,150000000,25,low_demand
394,1.0,37653000,2200,150000000,25,low_demand
395,1.0,35637000,2200,150000000,25,low_demand
396,1.0,36162000,2200,150000000,25,low_demand
397,1.0,36729000,2200,150000000,25,low_demand
398,1.0,36393000,2200,150000000,25,low_demand
399,1.0,36855000,2200,150000000,25,low_demand
0,1.0,149982000,9000,150000000,25,high_demand
1,1.099976,149982000,9000,150000000,25,high_demand
2,1.2099472,149982000,9000,150000000,25,high_demand
3,1.328990275,145215000,9000,150000000,25,high_demand
4,1.457957617,143745000,9000,150000000,25,high_demand
5,1.597690218,142380000,9000,150000000,25,high_demand
6,1.749272675,141813000,9000,150000000,25,high_demand
7,1.91303346,138600000,9000,150000000,25,high_demand
8,2.089810505,137046000,9000,150000000,25,high_demand
9,2.281034853,137529000,9000,150000000,25,high_demand
10,2.487275241,134652000,9000,150000000,25,high_demand
11,2.709501676,133182000,9000,150000000,25,high_demand
12,2.948925749,132447000,9000,150000000,25,high_demand
13,3.204927891,124971000,9000,150000000,25,high_demand
14,3.478626168,124215000,9000,150000000,25,high_demand
15,3.771008176,122871000,9000,150000000,25,high_demand
16,4.083386071,122556000,9000,150000000,25,high_demand
17,4.415346302,116319000,9000,150000000,25,high_demand
18,4.767924253,115416000,9000,150000000,25,high_demand
19,5.141238418,111552000,9000,150000000,25,high_demand
20,5.535639954,108780000,9000,150000000,25,high_demand
21,5.949763191,101136000,9000,150000000,25,high_demand
22,6.383631305,98532000,9000,150000000,25,high_demand
23,6.837379818,96537000,9000,150000000,25,high_demand
24,7.309642564,90636000,9000,150000000,25,high_demand
25,7.790414713,88137000,9000,150000000,25,high_demand
26,8.275184175,83496000,9000,150000000,25,high_demand
27,8.758829631,79086000,9000,150000000,25,high_demand
28,9.236093352,71043000,9000,150000000,25,high_demand
29,9.703426375,70791000,9000,150000000,25,high_demand
30,10.153564443,63462000,9000,150000000,25,high_demand
31,10.580449534,60312000,9000,150000000,25,high_demand
32,10.97903115,56637000,9000,150000000,25,high_demand
33,11.342408974,51282000,9000,150000000,25,high_demand
34,11.663874621,48363000,9000,150000000,25,high_demand
35,11.93838251,44520000,9000,150000000,25,high_demand
36,12.162109708,43281000,9000,150000000,25,high_demand
37,12.330585089,40803000,9000,150000000,25,high_demand
38,12.444855087,38997000,9000,150000000,25,high_demand
39,12.503469358,38766000,9000,150000000,25,high_demand
40,12.50553193,37653000,9000,150000000,25,high_demand
41,12.451766146,38850000,9000,150000000,25,high_demand
42,12.347872593,40488000,9000,150000000,25,high_demand
43,12.194824169,39459000,9000,150000000,25,high_demand
44,11.998067997,41433000,9000,150000000,25,high_demand
45,11.761122471,41013000,9000,150000000,25,high_demand
46,11.493132593,44184000,9000,150000000,25,high_demand
47,11.199596147,46893000,9000,150000000,25,high_demand
48,10.885258425,49161000,9000,150000000,25,high_demand
49,10.557761927,52773000,9000,150000000,25,high_demand
50,10.22266532,57141000,9000,150000000,25,high_demand
51,9.884579696,58506000,9000,150000000,25,high_demand
52,9.548674791,62013000,9000,150000000,25,high_demand
53,9.221094134,64974000,9000,150000000,25,high_demand
54,8.90209739,65394000,9000,150000000,25,high_demand
55,8.598293731,72219000,9000,150000000,25,high_demand
56,8.310838326,73353000,9000,150000000,25,high_demand
57,8.041807846,76524000,9000,150000000,25,high_demand
58,7.794870304,82488000,9000,150000000,25,high_demand
59,7.569963975,83118000,9000,150000000,25,high_demand
60,7.367130121,83118000,9000,150000000,25,high_demand
61,7.186068458,84861000,9000,150000000,25,high_demand
62,7.027308084,87381000,9000,150000000,25,high_demand
63,6.89033067,87759000,9000,150000000,25,high_demand
64,6.774606188,89334000,9000,150000000,25,high_demand
65,6.680325348,91623000,9000,150000000,25,high_demand
66,6.606480497,92526000,9000,150000000,25,high_demand
67,6.552763996,95298000,9000,150000000,25,high_demand
68,6.518661315,94332000,9000,150000000,25,high_demand
69,6.502411596,92274000,9000,150000000,25,high_demand
70,6.504678596,94290000,9000,150000000,25,high_demand
71,6.524226976,93996000,9000,150000000,25,high_demand
72,6.559844035,92904000,9000,150000000,25,high_demand
73,6.611554498,94605000,9000,150000000,25,high_demand
74,6.678986006,96201000,9000,150000000,25,high_demand
75,6.759911806,93093000,9000,150000000,25,high_demand
76,6.853735055,91560000,9000,150000000,25,high_demand
77,6.958970044,89670000,9000,150000000,25,high_demand
78,7.074737242,88998000,9000,150000000,25,high_demand
79,7.201178077,88578000,9000,150000000,25,high_demand
80,7.336395461,89187000,9000,150000000,25,high_demand
81,7.479558468,87171000,9000,150000000,25,high_demand
82,7.628991669,85239000,9000,150000000,25,high_demand
83,7.781957224,83832000,9000,150000000,25,high_demand
84,7.938094413,83370000,9000,150000000,25,high_demand
85,8.096057411,80031000,9000,150000000,25,high_demand
86,8.254534172,78771000,9000,150000000,25,high_demand
87,8.412341054,78813000,9000,150000000,25,high_demand
88,8.568510445,77385000,9000,150000000,25,high_demand
89,8.72051582,73878000,9000,150000000,25,high_demand
90,8.867013509,73983000,9000,150000000,25,high_demand
91,9.005653876,70707000,9000,150000000,25,high_demand
92,9.134580257,70560000,9000,150000000,25,high_demand
93,9.253433569,69867000,9000,150000000,25,high_demand
94,9.360546874,65352000,9000,150000000,25,high_demand
95,9.45553321,67515000,9000,150000000,25,high_demand
96,9.538256266,67767000,9000,150000000,25,high_demand
97,9.608445623,66843000,9000,150000000,25,high_demand
98,9.663698028,64449000,9000,150000000,25,high_demand
99,9.703163024,64953000,9000,150000000,25,high_demand
100,9.728596178,65667000,9000,150000000,25,high_demand
101,9.739963848,64323000,9000,150000000,25,high_demand
102,9.737948844,63882000,9000,150000000,25,high_demand
103,9.723828039,65688000,9000,150000000,25,high_demand
104,9.696887589,63819000,9000,150000000,25,high_demand
105,9.656945721,63903000,9000,150000000,25,high_demand
106,9.607466621,68334000,9000,150000000,25,high_demand
107,9.547222425,63735000,9000,150000000,25,high_demand
108,9.477732393,64932000,9000,150000000,25,high_demand
109,9.400011954,66087000,9000,150000000,25,high_demand
110,9.31676996,67746000,9000,150000000,25,high_demand
111,9.228181639,66528000,9000,150000000,25,high_demand
112,9.13523687,68250000,9000,150000000,25,high_demand
113,9.039115176,68943000,9000,150000000,25,high_demand
114,8.942071235,69867000,9000,150000000,25,high_demand
115,8.844346557,70371000,9000,150000000,25,high_demand
116,8.748224783,71841000,9000,150000000,25,high_demand
117,8.654676166,73836000,9000,150000000,25,high_demand
118,8.56432827,74634000,9000,150000000,25,high_demand
119,8.479585269,75558000,9000,150000000,25,high_demand
120,8.400020981,77112000,9000,150000000,25,high_demand
121,8.325116985,76503000,9000,150000000,25,high_demand
122,8.255300555,76797000,9000,150000000,25,high_demand
123,8.192088728,78120000,9000,150000000,25,high_demand
124,8.135352287,78666000,9000,150000000,25,high_demand
125,8.084238844,77721000,9000,150000000,25,high_demand
126,8.039340921,77994000,9000,150000000,25,high_demand
127,8.001094238,78813000,9000,150000000,25,high_demand
128,7.969383021,80577000,9000,150000000,25,high_demand
129,7.944116889,78687000,9000,150000000,25,high_demand
130,7.925568329,79569000,9000,150000000,25,high_demand
131,7.912247033,80598000,9000,150000000,25,high_demand
132,7.906010916,80472000,9000,150000000,25,high_demand
133,7.906589003,81081000,9000,150000000,25,high_demand
134,7.913197646,80388000,9000,150000000,25,high_demand
135,7.926618429,83874000,9000,150000000,25,high_demand
136,7.946134397,80892000,9000,150000000,25,high_demand
137,7.97123401,81312000,9000,150000000,25,high_demand
138,8.001635658,81228000,9000,150000000,25,high_demand
139,8.036105424,79128000,9000,150000000,25,high_demand
140,8.074647871,79527000,9000,150000000,25,high_demand
141,8.116422869,78918000,9000,150000000,25,high_demand
142,8.161704716,81438000,9000,150000000,25,high_demand
143,8.208491525,77511000,9000,150000000,25,high_demand
144,8.256548631,77847000,9000,150000000,25,high_demand
145,8.305192252,77805000,9000,150000000,25,high_demand
146,8.353917818,76041000,9000,150000000,25,high_demand
147,8.401525793,73647000,9000,150000000,25,high_demand
148,8.449301573,77889000,9000,150000000,25,high_demand
149,8.496838019,77532000,9000,150000000,25,high_demand
150,8.543328638,74823000,9000,150000000,25,high_demand
151,8.589394266,76503000,9000,150000000,25,high_demand
152,8.633553372,74109000,9000,150000000,25,high_demand
153,8.675435084,75138000,9000,150000000,25,high_demand
154,8.715217159,73710000,9000,150000000,25,high_demand
155,8.752438805,73668000,9000,150000000,25,high_demand
156,8.787064853,74697000,9000,150000000,25,high_demand
157,8.819170679,74802000,9000,150000000,25,high_demand
158,8.846889685,71505000,9000,150000000,25,high_demand
159,8.870791857,72114000,9000,150000000,25,high_demand
160,8.888400024,70434000,9000,150000000,25,high_demand
161,8.901961589,72282000,9000,150000000,25,high_demand
162,8.910538807,70770000,9000,150000000,25,high_demand
163,8.913854953,70140000,9000,150000000,25,high_demand
164,8.915065811,74697000,9000,150000000,25,high_demand
165,8.912452626,71484000,9000,150000000,25,high_demand
166,8.907244901,73458000,9000,150000000,25,high_demand
167,8.898029821,72996000,9000,150000000,25,high_demand
168,8.885415973,70329000,9000,150000000,25,high_demand
169,8.870610737,73185000,9000,150000000,25,high_demand
170,8.853733867,73374000,9000,150000000,25,high_demand
171,8.834211737,70371000,9000,150000000,25,high_demand
172,8.814485295,73122000,9000,150000000,25,high_demand
173,8.79262114,73248000,9000,150000000,25,high_demand
174,8.767620552,70728000,9000,150000000,25,high_demand
175,8.740579807,70308000,9000,150000000,25,high_demand
176,8.713152566,75495000,9000,150000000,25,high_demand
177,8.686260291,75075000,9000,150000000,25,high_demand
178,8.659022958,74214000,9000,150000000,25,high_demand
179,8.631347335,72576000,9000,150000000,25,high_demand
180,8.60425319,74739000,9000,150000000,25,high_demand
181,8.576877898,73899000,9000,150000000,25,high_demand
182,8.548677123,72807000,9000,150000000,25,high_demand
183,8.523278661,77448000,9000,150000000,25,high_demand
184,8.498280225,72828000,9000,150000000,25,high_demand
185,8.475268241,74655000,9000,150000000,25,high_demand
186,8.454387892,76860000,9000,150000000,25,high_demand
187,8.436456473,77196000,9000,150000000,25,high_demand
188,8.420925294,75390000,9000,150000000,25,high_demand
189,8.406875148,77931000,9000,150000000,25,high_demand
190,8.39507055,76440000,9000,150000000,25,high_demand
191,8.38534167,78057000,9000,150000000,25,high_demand
192,8.37797196,78246000,9000,150000000,25,high_demand
193,8.373761526,77385000,9000,150000000,25,high_demand
194,8.369909595,73983000,9000,150000000,25,high_demand
195,8.366931246,75327000,9000,150000000,25,high_demand
196,8.366474746,76020000,9000,150000000,25,high_demand
197,8.367676841,76839000,9000,150000000,25,high_demand
198,8.370800327,77553000,9000,150000000,25,high_demand
199,8.377600095,78960000,9000,150000000,25,high_demand
200,8.38676988,75600000,9000,150000000,25,high_demand
201,8.396344216,76377000,9000,150000000,25,high_demand
202,8.406992123,77448000,9000,150000000,25,high_demand
203,8.419047077,77322000,9000,150000000,25,high_demand
204,8.4337501,78435000,9000,150000000,25,high_demand
205,8.449895671,77889000,9000,150000000,25,high_demand
206,8.468031175,78246000,9000,150000000,25,high_demand
207,8.488386967,77637000,9000,150000000,25,high_demand
208,8.508715635,77280000,9000,150000000,25,high_demand
209,8.530836934,76671000,9000,150000000,25,high_demand
210,8.553139954,74928000,9000,150000000,25,high_demand
211,8.575894043,77721000,9000,150000000,25,high_demand
212,8.597421595,74382000,9000,150000000,25,high_demand
213,8.619128365,75663000,9000,150000000,25,high_demand
214,8.639393659,74676000,9000,150000000,25,high_demand
215,8.658226154,73227000,9000,150000000,25,high_demand
216,8.675577239,74760000,9000,150000000,25,high_demand
217,8.690854583,73689000,9000,150000000,25,high_demand
218,8.704981045,74844000,9000,150000000,25,high_demand
219,8.71841875,72450000,9000,150000000,25,high_demand
220,8.731027675,73500000,9000,150000000,25,high_demand
221,8.742931208,74466000,9000,150000000,25,high_demand
222,8.753088395,73059000,9000,150000000,25,high_demand
223,8.76228684,75474000,9000,150000000,25,high_demand
224,8.76841343,72366000,9000,150000000,25,high_demand
225,8.773247982,72828000,9000,150000000,25,high_demand
226,8.7761986,72345000,9000,150000000,25,high_demand
227,8.776909121,72660000,9000,150000000,25,high_demand
228,8.776007556,73878000,9000,150000000,25,high_demand
229,8.773828297,75705000,9000,150000000,25,high_demand
230,8.769684242,73689000,9000,150000000,25,high_demand
231,8.763489337,73857000,9000,150000000,25,high_demand
232,8.755070778,72870000,9000,150000000,25,high_demand
233,8.744679559,73038000,9000,150000000,25,high_demand
234,8.733556326,75075000,9000,150000000,25,high_demand
235,8.721782094,73500000,9000,150000000,25,high_demand
236,8.708304498,74025000,9000,150000000,25,high_demand
237,8.694925755,74550000,9000,150000000,25,high_demand
238,8.680486613,73332000,9000,150000000,25,high_demand
239,8.665672841,73815000,9000,150000000,25,high_demand
240,8.651117283,73731000,9000,150000000,25,high_demand
241,8.636411767,74382000,9000,150000000,25,high_demand
242,8.622031105,74340000,9000,150000000,25,high_demand
243,8.608070312,75705000,9000,150000000,25,high_demand
244,8.594508125,73269000,9000,150000000,25,high_demand
245,8.581207951,74025000,9000,150000000,25,high_demand
246,8.567870694,74340000,9000,150000000,25,high_demand
247,8.556185489,76629000,9000,150000000,25,high_demand
248,8.543596259,73458000,9000,150000000,25,high_demand
249,8.532173812,74886000,9000,150000000,25,high_demand
250,8.521693572,74865000,9000,150000000,25,high_demand
251,8.512476508,75096000,9000,150000000,25,high_demand
252,8.504975994,76419000,9000,150000000,25,high_demand
253,8.49642475,71547000,9000,150000000,25,high_demand
254,8.486911473,73563000,9000,150000000,25,high_demand
255,8.479614087,78561000,9000,150000000,25,high_demand
256,8.472009569,73164000,9000,150000000,25,high_demand
257,8.465085565,74361000,9000,150000000,25,high_demand
258,8.46061329,78456000,9000,150000000,25,high_demand
259,8.456389751,75621000,9000,150000000,25,high_demand
260,8.453352215,76125000,9000,150000000,25,high_demand
261,8.450931174,75390000,9000,150000000,25,high_demand
262,8.449201775,76083000,9000,150000000,25,high_demand
263,8.448504208,75621000,9000,150000000,25,high_demand
264,8.449377445,77301000,9000,150000000,25,high_demand
265,8.452171823,77994000,9000,150000000,25,high_demand
266,8.455591909,75768000,9000,150000000,25,high_demand
267,8.458653509,73542000,9000,150000000,25,high_demand
268,8.462246745,76881000,9000,150000000,25,high_demand
269,8.466637635,75033000,9000,150000000,25,high_demand
270,8.471770449,75663000,9000,150000000,25,high_demand
271,8.477788794,76293000,9000,150000000,25,high_demand
272,8.484286171,77679000,9000,150000000,25,high_demand
273,8.491738767,75558000,9000,150000000,25,high_demand
274,8.500443818,77637000,9000,150000000,25,high_demand
275,8.508424714,73248000,9000,150000000,25,high_demand
276,8.516317809,74886000,9000,150000000,25,high_demand
277,8.521957655,71442000,9000,150000000,25,high_demand
278,8.529710591,76188000,9000,150000000,25,high_demand
279,8.538540547,75915000,9000,150000000,25,high_demand
280,8.545400068,74214000,9000,150000000,25,high_demand
281,8.552686217,74088000,9000,150000000,25,high_demand
282,8.560677847,75894000,9000,150000000,25,high_demand
283,8.566989463,74760000,9000,150000000,25,high_demand
284,8.572998692,74949000,9000,150000000,25,high_demand
285,8.578090367,74109000,9000,150000000,25,high_demand
286,8.583021739,75033000,9000,150000000,25,high_demand
287,8.586619741,73164000,9000,150000000,25,high_demand
288,8.589392188,73815000,9000,150000000,25,high_demand
289,8.590626311,73941000,9000,150000000,25,high_demand
290,8.590032526,74004000,9000,150000000,25,high_demand
291,8.588524803,73773000,9000,150000000,25,high_demand
292,8.587200108,73941000,9000,150000000,25,high_demand
293,8.584981175,74928000,9000,150000000,25,high_demand
294,8.582330132,74088000,9000,150000000,25,high_demand
295,8.579439603,75138000,9000,150000000,25,high_demand
296,8.577539771,78456000,9000,150000000,25,high_demand
297,8.574295402,74739000,9000,150000000,25,high_demand
298,8.57102345,75495000,9000,150000000,25,high_demand
299,8.56621682,74277000,9000,150000000,25,high_demand
300,8.562036506,74613000,9000,150000000,25,high_demand
301,8.557858232,74886000,9000,150000000,25,high_demand
302,8.554717155,73710000,9000,150000000,25,high_demand
303,8.550484965,73794000,9000,150000000,25,high_demand
304,8.546092067,75558000,9000,150000000,25,high_demand
305,8.541490851,73752000,9000,150000000,25,high_demand
306,8.537112141,74571000,9000,150000000,25,high_demand
307,8.532821729,76083000,9000,150000000,25,high_demand
308,8.528361452,74382000,9000,150000000,25,high_demand
309,8.524562578,76398000,9000,150000000,25,high_demand
310,8.521300057,75285000,9000,150000000,25,high_demand
311,8.517962434,74865000,9000,150000000,25,high_demand
312,8.514339914,72534000,9000,150000000,25,high_demand
313,8.51126249,75012000,9000,150000000,25,high_demand
314,8.509196636,76167000,9000,150000000,25,high_demand
315,8.507131283,74004000,9000,150000000,25,high_demand
316,8.50644799,76818000,9000,150000000,25,high_demand
317,8.506946127,76545000,9000,150000000,25,high_demand
318,8.507396654,74823000,9000,150000000,25,high_demand
319,8.509533712,77805000,9000,150000000,25,high_demand
320,8.51242423,76797000,9000,150000000,25,high_demand
321,8.515306196,78435000,9000,150000000,25,high_demand
322,8.51878044,76041000,9000,150000000,25,high_demand
323,8.52233243,75663000,9000,150000000,25,high_demand
324,8.525780906,74046000,9000,150000000,25,high_demand
325,8.529030251,74172000,9000,150000000,25,high_demand
326,8.531917839,74088000,9000,150000000,25,high_demand
327,8.535570864,75390000,9000,150000000,25,high_demand
328,8.539904202,75285000,9000,150000000,25,high_demand
329,8.543292835,73479000,9000,150000000,25,high_demand
330,8.546740224,73878000,9000,150000000,25,high_demand
331,8.550160287,74508000,9000,150000000,25,high_demand
332,8.553256129,75369000,9000,150000000,25,high_demand
333,8.557943313,77868000,9000,150000000,25,high_demand
334,8.561942953,74886000,9000,150000000,25,high_demand
335,8.566385573,76251000,9000,150000000,25,high_demand
336,8.571003197,75243000,9000,150000000,25,high_demand
337,8.576420071,74277000,9000,150000000,25,high_demand
338,8.581859579,75054000,9000,150000000,25,high_demand
339,8.586697001,74844000,9000,150000000,25,high_demand
340,8.591162083,73185000,9000,150000000,25,high_demand
341,8.595514022,76566000,9000,150000000,25,high_demand
342,8.599762268,76314000,9000,150000000,25,high_demand
343,8.604137827,75096000,9000,150000000,25,high_demand
344,8.606925567,74340000,9000,150000000,25,high_demand
345,8.608085092,73248000,9000,150000000,25,high_demand
346,8.607798614,75285000,9000,150000000,25,high_demand
347,8.606818013,74529000,9000,150000000,25,high_demand
348,8.605972479,75957000,9000,150000000,25,high_demand
349,8.605435466,74718000,9000,150000000,25,high_demand
350,8.605708086,75936000,9000,150000000,25,high_demand
351,8.606693955,75642000,9000,150000000,25,high_demand
352,8.60667743,73206000,9000,150000000,25,high_demand
353,8.606140373,74151000,9000,150000000,25,high_demand
354,8.606894959,76293000,9000,150000000,25,high_demand
355,8.609057011,76944000,9000,150000000,25,high_demand
356,8.611923482,76041000,9000,150000000,25,high_demand
357,8.612775028,70980000,9000,150000000,25,high_demand
358,8.612671674,75789000,9000,150000000,25,high_demand
359,8.612732307,75243000,9000,150000000,25,high_demand
360,8.612243103,75054000,9000,150000000,25,high_demand
361,8.612024007,75831000,9000,150000000,25,high_demand
362,8.612046053,74802000,9000,150000000,25,high_demand
363,8.61110355,72954000,9000,150000000,25,high_demand
364,8.609717506,73878000,9000,150000000,25,high_demand
365,8.608158113,72807000,9000,150000000,25,high_demand
366,8.605654171,74508000,9000,150000000,25,high_demand
367,8.602803978,75558000,9000,150000000,25,high_demand
368,8.600137796,75495000,9000,150000000,25,high_demand
369,8.598088899,75684000,9000,150000000,25,high_demand
370,8.59741756,76251000,9000,150000000,25,high_demand
371,8.595013034,71505000,9000,150000000,25,high_demand
372,8.591983463,73164000,9000,150000000,25,high_demand
373,8.588358333,74655000,9000,150000000,25,high_demand
374,8.584099881,73332000,9000,150000000,25,high_demand
375,8.578584081,73185000,9000,150000000,25,high_demand
376,8.572831625,75117000,9000,150000000,25,high_demand
377,8.568168004,75579000,9000,150000000,25,high_demand
378,8.564293821,75873000,9000,150000000,25,high_demand
379,8.559759541,74844000,9000,150000000,25,high_demand
380,8.554288142,74886000,9000,150000000,25,high_demand
381,8.54845617,75243000,9000,150000000,25,high_demand
382,8.544734514,75600000,9000,150000000,25,high_demand
383,8.541464273,76776000,9000,150000000,25,high_demand
384,8.53761173,73962000,9000,150000000,25,high_demand
385,8.534019102,75621000,9000,150000000,25,high_demand
386,8.530485335,75957000,9000,150000000,25,high_demand
387,8.528510357,78225000,9000,150000000,25,high_demand
388,8.529391863,79233000,9000,150000000,25,high_demand
389,8.529862685,72975000,9000,150000000,25,high_demand
390,8.531948065,76356000,9000,150000000,25,high_demand
391,8.53427285,75033000,9000,150000000,25,high_demand
392,8.537123979,76713000,9000,150000000,25,high_demand
393,8.541113889,77994000,9000,150000000,25,high_demand
394,8.545220456,75936000,9000,150000000,25,high_demand
395,8.549606546,76860000,9000,150000000,25,high_demand
396,8.555124804,73983000,9000,150000000,25,high_demand
397,8.561710196,75495000,9000,150000000,25,high_demand
398,8.569154089,76524000,9000,150000000,25,high_demand
399,8.577832928,76020000,9000,150000000,25,high_demand
0,1.0,37737000,2200,150000000,25,spike_demand
1,1.0,33726000,2200,150000000,25,spike_demand
2,1.0,35931000,2200,150000000,25,spike_demand
3,1.0,35196000,2200,150000000,25,spike_demand
4,1.0,35217000,2200,150000000,25,spike_demand
5,1.0,33579000,2200,150000000,25,spike_demand
6,1.0,33978000,2200,150000000,25,spike_demand
7,1.0,36393000,2200,150000000,25,spike_demand
8,1.0,35490000,2200,150000000,25,spike_demand
9,1.0,35217000,2200,150000000,25,spike_demand
10,1.0,37149000,2200,150000000,25,spike_demand
11,1.0,35973000,2200,150000000,25,spike_demand
12,1.0,35973000,2200,150000000,25,spike_demand
13,1.0,36855000,2200,150000000,25,spike_demand
14,1.0,34965000,2200,150000000,25,spike_demand
15,1.0,34545000,2200,150000000,25,spike_demand
16,1.0,35700000,2200,150000000,25,spike_demand
17,1.0,37170000,2200,150000000,25,spike_demand
18,1.0,36225000,2200,150000000,25,spike_demand
19,1.0,34587000,2200,150000000,25,spike_demand
20,1.0,35973000,2200,150000000,25,spike_demand
21,1.0,34608000,2200,150000000,25,spike_demand
22,1.0,37191000,2200,150000000,25,spike_demand
23,1.0,36792000,2200,150000000,25,spike_demand
24,1.0,35364000,2200,150000000,25,spike_demand
25,1.0,36120000,2200,150000000,25,spike_demand
26,1.0,35343000,2200,150000000,25,spike_demand
27,1.0,36813000,2200,150000000,25,spike_demand
28,1.0,35469000,2200,150000000,25,spike_demand
29,1.0,35007000,2200,150000000,25,spike_demand
30,1.0,35112000,2200,150000000,25,spike_demand
31,1.0,35931000,2200,150000000,25,spike_demand
32,1.0,37128000,2200,150000000,25,spike_demand
33,1.0,33957000,2200,150000000,25,spike_demand
34,1.0,36015000,2200,150000000,25,spike_demand
35,1.0,34251000,2200,150000000,25,spike_demand
36,1.0,34167000,2200,150000000,25,spike_demand
37,1.0,35931000,2200,150000000,25,spike_demand
38,1.0,37548000,2200,150000000,25,spike_demand
39,1.0,35553000,2200,150000000,25,spike_demand
40,1.0,149982000,13500,150000000,25,spike_demand
41,1.0,108318000,2200,150000000,25,spike_demand
42,1.0,35364000,2200,150000000,25,spike_demand
43,1.0,36393000,2200,150000000,25,spike_demand
44,1.0,37191000,2200,150000000,25,spike_demand
45,1.0,36099000,2200,150000000,25,spike_demand
46,1.0,34797000,2200,150000000,25,spike_demand
47,1.0,35952000,2200,150000000,25,spike_demand
48,1.0,35133000,2200,150000000,25,spike_demand
49,1.0,34377000,2200,150000000,25,spike_demand
50,1.0,35826000,2200,150000000,25,spike_demand
51,1.0,35553000,2200,150000000,25,spike_demand
52,1.0,36582000,2200,150000000,25,spike_demand
53,1.0,35259000,2200,150000000,25,spike_demand
54,1.0,38325000,2200,150000000,25,spike_demand
55,1.0,36603000,2200,150000000,25,spike_demand
56,1.0,36015000,2200,150000000,25,spike_demand
57,1.0,36267000,2200,150000000,25,spike_demand
58,1.0,35196000,2200,150000000,25,spike_demand
59,1.0,35994000,2200,150000000,25,spike_demand
60,1.0,37317000,2200,150000000,25,spike_demand
61,1.0,36519000,2200,150000000,25,spike_demand
62,1.0,36267000,2200,150000000,25,spike_demand
63,1.0,34167000,2200,150000000,25,spike_demand
64,1.0,36309000,2200,150000000,25,spike_demand
65,1.0,37674000,2200,150000000,25,spike_demand
66,1.0,36645000,2200,150000000,25,spike_demand
67,1.0,36099000,2200,150000000,25,spike_demand
68,1.0,37023000,2200,150000000,25,spike_demand
69,1.0,36666000,2200,150000000,25,spike_demand
70,1.0,35637000,2200,150000000,25,spike_demand
71,1.0,34965000,2200,150000000,25,spike_demand
72,1.0,35322000,2200,150000000,25,spike_demand
73,1.0,35952000,2200,150000000,25,spike_demand
74,1.0,34608000,2200,150000000,25,spike_demand
75,1.0,33999000,2200,150000000,25,spike_demand
76,1.0,34440000,2200,150000000,25,spike_demand
77,1.0,36771000,2200,150000000,25,spike_demand
78,1.0,35364000,2200,150000000,25,spike_demand
79,1.0,34755000,2200,150000000,25,spike_demand
80,1.0,149982000,13500,150000000,25,spike_demand
81,1.0,106260000,2200,150000000,25,spike_demand
82,1.0,35133000,2200,150000000,25,spike_demand
83,1.0,35280000,2200,150000000,25,spike_demand
84,1.0,36435000,2200,150000000,25,spike_demand
85,1.0,36099000,2200,150000000,25,spike_demand
86,1.0,37044000,2200,150000000,25,spike_demand
87,1.0,35406000,2200,150000000,25,spike_demand
88,1.0,35070000,2200,150000000,25,spike_demand
89,1.0,34503000,2200,150000000,25,spike_demand
90,1.0,36057000,2200,150000000,25,spike_demand
91,1.0,37023000,2200,150000000,25,spike_demand
92,1.0,36309000,2200,150000000,25,spike_demand
93,1.0,35847000,2200,150000000,25,spike_demand
94,1.0,35910000,2200,150000000,25,spike_demand
95,1.0,34587000,2200,150000000,25,spike_demand
96,1.0,36162000,2200,150000000,25,spike_demand
97,1.0,36540000,2200,150000000,25,spike_demand
98,1.0,36561000,2200,150000000,25,spike_demand
99,1.0,36036000,2200,150000000,25,spike_demand
100,1.0,34818000,2200,150000000,25,spike_demand
101,1.0,36708000,2200,150000000,25,spike_demand
102,1.0,37086000,2200,150000000,25,spike_demand
103,1.0,35406000,2200,150000000,25,spike_demand
104,1.0,35784000,2200,150000000,25,spike_demand
105,1.0,35532000,2200,150000000,25,spike_demand
106,1.0,35847000,2200,150000000,25,spike_demand
107,1.0,37506000,2200,150000000,25,spike_demand
108,1.0,35574000,2200,150000000,25,spike_demand
109,1.0,36120000,2200,150000000,25,spike_demand
110,1.0,36582000,2200,150000000,25,spike_demand
111,1.0,35553000,2200,150000000,25,spike_demand
112,1.0,36603000,2200,150000000,25,spike_demand
113,1.0,35826000,2200,150000000,25,spike_demand
114,1.0,35784000,2200,150000000,25,spike_demand
115,1.0,35217000,2200,150000000,25,spike_demand
116,1.0,34860000,2200,150000000,25,spike_demand
117,1.0,34629000,2200,150000000,25,spike_demand
118,1.0,33999000,2200,150000000,25,spike_demand
119,1.0,35658000,2200,150000000,25,spike_demand
120,1.0,149982000,13500,150000000,25,spike_demand
121,1.0,105840000,2200,150000000,25,spike_demand
122,1.0,35448000,2200,150000000,25,spike_demand
123,1.0,36246000,2200,150000000,25,spike_demand
124,1.0,35385000,2200,150000000,25,spike_demand
125,1.0,36750000,2200,150000000,25,spike_demand
126,1.0,36519000,2200,150000000,25,spike_demand
127,1.0,35994000,2200,150000000,25,spike_demand
128,1.0,35952000,2200,150000000,25,spike_demand
129,1.0,36078000,2200,150000000,25,spike_demand
130,1.0,37044000,2200,150000000,25,spike_demand
131,1.0,37422000,2200,150000000,25,spike_demand
132,1.0,34482000,2200,150000000,25,spike_demand
133,1.0,34629000,2200,150000000,25,spike_demand
134,1.0,33747000,2200,150000000,25,spike_demand
135,1.0,35112000,2200,150000000,25,spike_demand
136,1.0,35091000,2200,150000000,25,spike_demand
137,1.0,36372000,2200,150000000,25,spike_demand
138,1.0,35826000,2200,150000000,25,spike_demand
139,1.0,34440000,2200,150000000,25,spike_demand
140,1.0,36519000,2200,150000000,25,spike_demand
141,1.0,36183000,2200,150000000,25,spike_demand
142,1.0,35742000,2200,150000000,25,spike_demand
143,1.0,35196000,2200,150000000,25,spike_demand
144,1.0,38346000,2200,150000000,25,spike_demand
145,1.0,35280000,2200,150000000,25,spike_demand
146,1.0,35868000,2200,150000000,25,spike_demand
147,1.0,37317000,2200,150000000,25,spike_demand
148,1.0,34671000,2200,150000000,25,spike_demand
149,1.0,35070000,2200,150000000,25,spike_demand
150,1.0,36288000,2200,150000000,25,spike_demand
151,1.0,34839000,2200,150000000,25,spike_demand
152,1.0,35700000,2200,150000000,25,spike_demand
153,1.0,35322000,2200,150000000,25,spike_demand
154,1.0,36141000,2200,150000000,25,spike_demand
155,1.0,35637000,2200,150000000,25,spike_demand
156,1.0,37023000,2200,150000000,25,spike_demand
157,1.0,36603000,2200,150000000,25,spike_demand
158,1.0,35889000,2200,150000000,25,spike_demand
159,1.0,35112000,2200,150000000,25,spike_demand
160,1.0,149982000,13500,150000000,25,spike_demand
161,1.0,103362000,2200,150000000,25,spike_demand
162,1.0,35742000,2200,150000000,25,spike_demand
163,1.0,37107000,2200,150000000,25,spike_demand
164,1.0,35994000,2200,150000000,25,spike_demand
165,1.0,35847000,2200,150000000,25,spike_demand
166,1.0,36414000,2200,150000000,25,spike_demand
167,1.0,36855000,2200,150000000,25,spike_demand
168,1.0,36204000,2200,150000000,25,spike_demand
169,1.0,36183000,2200,150000000,25,spike_demand
170,1.0,35070000,2200,150000000,25,spike_demand
171,1.0,36666000,2200,150000000,25,spike_demand
172,1.0,37233000,2200,150000000,25,spike_demand
173,1.0,34881000,2200,150000000,25,spike_demand
174,1.0,35385000,2200,150000000,25,spike_demand
175,1.0,36057000,2200,150000000,25,spike_demand
176,1.0,35595000,2200,150000000,25,spike_demand
177,1.0,35280000,2200,150000000,25,spike_demand
178,1.0,35238000,2200,150000000,25,spike_demand
179,1.0,37128000,2200,150000000,25,spike_demand
180,1.0,36351000,2200,150000000,25,spike_demand
181,1.0,36855000,2200,150000000,25,spike_demand
182,1.0,34146000,2200,150000000,25,spike_demand
183,1.0,36288000,2200,150000000,25,spike_demand
184,1.0,34251000,2200,150000000,25,spike_demand
185,1.0,34314000,2200,150000000,25,spike_demand
186,1.0,34524000,2200,150000000,25,spike_demand
187,1.0,36624000,2200,150000000,25,spike_demand
188,1.0,36162000,2200,150000000,25,spike_demand
189,1.0,36246000,2200,150000000,25,spike_demand
190,1.0,35511000,2200,150000000,25,spike_demand
191,1.0,36015000,2200,150000000,25,spike_demand
192,1.0,34482000,2200,150000000,25,spike_demand
193,1.0,36141000,2200,150000000,25,spike_demand
194,1.0,35826000,2200,150000000,25,spike_demand
195,1.0,34440000,2200,150000000,25,spike_demand
196,1.0,35784000,2200,150000000,25,spike_demand
197,1.0,34041000,2200,150000000,25,spike_demand
198,1.0,36918000,2200,150000000,25,spike_demand
199,1.0,35238000,2200,150000000,25,spike_demand
200,1.0,149982000,13500,150000000,25,spike_demand
201,1.0,105441000,2200,150000000,25,spike_demand
202,1.0,34356000,2200,150000000,25,spike_demand
203,1.0,35742000,2200,150000000,25,spike_demand
204,1.0,36603000,2200,150000000,25,spike_demand
205,1.0,35322000,2200,150000000,25,spike_demand
206,1.0,34776000,2200,150000000,25,spike_demand
207,1.0,35616000,2200,150000000,25,spike_demand
208,1.0,35427000,2200,150000000,25,spike_demand
209,1.0,36750000,2200,150000000,25,spike_demand
210,1.0,35322000,2200,150000000,25,spike_demand
211,1.0,34734000,2200,150000000,25,spike_demand
212,1.0,34629000,2200,150000000,25,spike_demand
213,1.0,35574000,2200,150000000,25,spike_demand
214,1.0,34650000,2200,150000000,25,spike_demand
215,1.0,37233000,2200,150000000,25,spike_demand
216,1.0,34965000,2200,150000000,25,spike_demand
217,1.0,36078000,2200,150000000,25,spike_demand
218,1.0,35658000,2200,150000000,25,spike_demand
219,1.0,36183000,2200,150000000,25,spike_demand
220,1.0,36687000,2200,150000000,25,spike_demand
221,1.0,36183000,2200,150000000,25,spike_demand
222,1.0,35805000,2200,150000000,25,spike_demand
223,1.0,36099000,2200,150000000,25,spike_demand
224,1.0,36267000,2200,150000000,25,spike_demand
225,1.0,35007000,2200,150000000,25,spike_demand
226,1.0,34566000,2200,150000000,25,spike_demand
227,1.0,33747000,2200,150000000,25,spike_demand
228,1.0,35196000,2200,150000000,25,spike_demand
229,1.0,35259000,2200,150000000,25,spike_demand
230,1.0,35574000,2200,150000000,25,spike_demand
231,1.0,35868000,2200,150000000,25,spike_demand
232,1.0,35784000,2200,150000000,25,spike_demand
233,1.0,36162000,2200,150000000,25,spike_demand
234,1.0,35385000,2200,150000000,25,spike_demand
235,1.0,36624000,2200,150000000,25,spike_demand
236,1.0,35322000,2200,150000000,25,spike_demand
237,1.0,37989000,2200,150000000,25,spike_demand
238,1.0,34482000,2200,150000000,25,spike_demand
239,1.0,34461000,2200,150000000,25,spike_demand
240,1.0,149982000,13500,150000000,25,spike_demand
241,1.0,108066000,2200,150000000,25,spike_demand
242,1.0,35196000,2200,150000000,25,spike_demand
243,1.0,34881000,2200,150000000,25,spike_demand
244,1.0,36624000,2200,150000000,25,spike_demand
245,1.0,35721000,2200,150000000,25,spike_demand
246,1.0,37023000,2200,150000000,25,spike_demand
247,1.0,36204000,2200,150000000,25,spike_demand
248,1.0,34902000,2200,150000000,25,spike_demand
249,1.0,35784000,2200,150000000,25,spike_demand
250,1.0,34209000,2200,150000000,25,spike_demand
251,1.0,36456000,2200,150000000,25,spike_demand
252,1.0,35721000,2200,150000000,25,spike_demand
253,1.0,36792000,2200,150000000,25,spike_demand
254,1.0,35154000,2200,150000000,25,spike_demand
255,1.0,35931000,2200,150000000,25,spike_demand
256,1.0,36918000,2200,150000000,25,spike_demand
257,1.0,35574000,2200,150000000,25,spike_demand
258,1.0,36708000,2200,150000000,25,spike_demand
259,1.0,36498000,2200,150000000,25,spike_demand
260,1.0,34503000,2200,150000000,25,spike_demand
261,1.0,35805000,2200,150000000,25,spike_demand
262,1.0,35742000,2200,150000000,25,spike_demand
263,1.0,34398000,2200,150000000,25,spike_demand
264,1.0,36120000,2200,150000000,25,spike_demand
265,1.0,35133000,2200,150000000,25,spike_demand
266,1.0,35868000,2200,150000000,25,spike_demand
267,1.0,36897000,2200,150000000,25,spike_demand
268,1.0,35616000,2200,150000000,25,spike_demand
269,1.0,36099000,2200,150000000,25,spike_demand
270,1.0,34545000,2200,150000000,25,spike_demand
271,1.0,33873000,2200,150000000,25,spike_demand
272,1.0,37065000,2200,150000000,25,spike_demand
273,1.0,36645000,2200,150000000,25,spike_demand
274,1.0,35658000,2200,150000000,25,spike_demand
275,1.0,35910000,2200,150000000,25,spike_demand
276,1.0,35847000,2200,150000000,25,spike_demand
277,1.0,35133000,2200,150000000,25,spike_demand
278,1.0,34335000,2200,150000000,25,spike_demand
279,1.0,36204000,2200,150000000,25,spike_demand
280,1.0,149982000,13500,150000000,25,spike_demand
281,1.0,105798000,2200,150000000,25,spike_demand
282,1.0,35889000,2200,150000000,25,spike_demand
283,1.0,36057000,2200,150000000,25,spike_demand
284,1.0,36183000,2200,150000000,25,spike_demand
285,1.0,35238000,2200,150000000,25,spike_demand
286,1.0,35742000,2200,150000000,25,spike_demand
287,1.0,36393000,2200,150000000,25,spike_demand
288,1.0,36477000,2200,150000000,25,spike_demand
289,1.0,33852000,2200,150000000,25,spike_demand
290,1.0,34923000,2200,150000000,25,spike_demand
291,1.0,35406000,2200,150000000,25,spike_demand
292,1.0,34776000,2200,150000000,25,spike_demand
293,1.0,36687000,2200,150000000,25,spike_demand
294,1.0,36582000,2200,150000000,25,spike_demand
295,1.0,34629000,2200,150000000,25,spike_demand
296,1.0,36519000,2200,150000000,25,spike_demand
297,1.0,35385000,2200,150000000,25,spike_demand
298,1.0,34818000,2200,150000000,25,spike_demand
299,1.0,35175000,2200,150000000,25,spike_demand
300,1.0,36813000,2200,150000000,25,spike_demand
301,1.0,36834000,2200,150000000,25,spike_demand
302,1.0,35112000,2200,150000000,25,spike_demand
303,1.0,36435000,2200,150000000,25,spike_demand
304,1.0,36414000,2200,150000000,25,spike_demand
305,1.0,36960000,2200,150000000,25,spike_demand
306,1.0,36498000,2200,150000000,25,spike_demand
307,1.0,37002000,2200,150000000,25,spike_demand
308,1.0,34566000,2200,150000000,25,spike_demand
309,1.0,36792000,2200,150000000,25,spike_demand
310,1.0,36204000,2200,150000000,25,spike_demand
311,1.0,35049000,2200,150000000,25,spike_demand
312,1.0,35217000,2200,150000000,25,spike_demand
313,1.0,35049000,2200,150000000,25,spike_demand
314,1.0,35637000,2200,150000000,25,spike_demand
315,1.0,36078000,2200,150000000,25,spike_demand
316,1.0,35721000,2200,150000000,25,spike_demand
317,1.0,36078000,2200,150000000,25,spike_demand
318,1.0,36099000,2200,150000000,25,spike_demand
319,1.0,34671000,2200,150000000,25,spike_demand
320,1.0,149982000,13500,150000000,25,spike_demand
321,1.0,109326000,2200,150000000,25,spike_demand
322,1.0,35658000,2200,150000000,25,spike_demand
323,1.0,33873000,2200,150000000,25,spike_demand
324,1.0,35826000,2200,150000000,25,spike_demand
325,1.0,36036000,2200,150000000,25,spike_demand
326,1.0,36372000,2200,150000000,25,spike_demand
327,1.0,37107000,2200,150000000,25,spike_demand
328,1.0,34608000,2200,150000000,25,spike_demand
329,1.0,35994000,2200,150000000,25,spike_demand
330,1.0,36036000,2200,150000000,25,spike_demand
331,1.0,37842000,2200,150000000,25,spike_demand
332,1.0,35091000,2200,150000000,25,spike_demand
333,1.0,36960000,2200,150000000,25,spike_demand
334,1.0,36015000,2200,150000000,25,spike_demand
335,1.0,35658000,2200,150000000,25,spike_demand
336,1.0,36183000,2200,150000000,25,spike_demand
337,1.0,36183000,2200,150000000,25,spike_demand
338,1.0,34587000,2200,150000000,25,spike_demand
339,1.0,36120000,2200,150000000,25,spike_demand
340,1.0,36162000,2200,150000000,25,spike_demand
341,1.0,36603000,2200,150000000,25,spike_demand
342,1.0,36498000,2200,150000000,25,spike_demand
343,1.0,36183000,2200,150000000,25,spike_demand
344,1.0,36078000,2200,150000000,25,spike_demand
345,1.0,36435000,2200,150000000,25,spike_demand
346,1.0,35175000,2200,150000000,25,spike_demand
347,1.0,36288000,2200,150000000,25,spike_demand
348,1.0,36183000,2200,150000000,25,spike_demand
349,1.0,35490000,2200,150000000,25,spike_demand
350,1.0,36309000,2200,150000000,25,spike_demand
351,1.0,35406000,2200,150000000,25,spike_demand
352,1.0,36498000,2200,150000000,25,spike_demand
353,1.0,36204000,2200,150000000,25,spike_demand
354,1.0,35637000,2200,150000000,25,spike_demand
355,1.0,34545000,2200,150000000,25,spike_demand
356,1.0,36141000,2200,150000000,25,spike_demand
357,1.0,36057000,2200,150000000,25,spike_demand
358,1.0,36372000,2200,150000000,25,spike_demand
359,1.0,35280000,2200,150000000,25,spike_demand
360,1.0,149982000,13500,150000000,25,spike_demand
361,1.0,109095000,2200,150000000,25,spike_demand
362,1.0,36498000,2200,150000000,25,spike_demand
363,1.0,35700000,2200,150000000,25,spike_demand
364,1.0,34797000,2200,150000000,25,spike_demand
365,1.0,36120000,2200,150000000,25,spike_demand
366,1.0,35532000,2200,150000000,25,spike_demand
367,1.0,35385000,2200,150000000,25,spike_demand
368,1.0,35616000,2200,150000000,25,spike_demand
369,1.0,35007000,2200,150000000,25,spike_demand
370,1.0,36183000,2200,150000000,25,spike_demand
371,1.0,35154000,2200,150000000,25,spike_demand
372,1.0,34335000,2200,150000000,25,spike_demand
373,1.0,35889000,2200,150000000,25,spike_demand
374,1.0,36603000,2200,150000000,25,spike_demand
375,1.0,36183000,2200,150000000,25,spike_demand
376,1.0,35595000,2200,150000000,25,spike_demand
377,1.0,34923000,2200,150000000,25,spike_demand
378,1.0,34377000,2200,150000000,25,spike_demand
379,1.0,35700000,2200,150000000,25,spike_demand
380,1.0,35238000,2200,150000000,25,spike_demand
381,1.0,35973000,2200,150000000,25,spike_demand
382,1.0,36456000,2200,150000000,25,spike_demand
383,1.0,36057000,2200,150000000,25,spike_demand
384,1.0,36687000,2200,150000000,25,spike_demand
385,1.0,36897000,2200,150000000,25,spike_demand
386,1.0,36876000,2200,150000000,25,spike_demand
387,1.0,36855000,2200,150000000,25,spike_demand
388,1.0,34692000,2200,150000000,25,spike_demand
389,1.0,35973000,2200,150000000,25,spike_demand
390,1.0,36036000,2200,150000000,25,spike_demand
391,1.0,37086000,2200,150000000,25,spike_demand
392,1.0,34587000,2200,150000000,25,spike_demand
393,1.0,37884000,2200,150000000,25,spike_demand
394,1.0,36603000,2200,150000000,25,spike_demand
395,1.0,36120000,2200,150000000,25,spike_demand
396,1.0,37926000,2200,150000000,25,spike_demand
397,1.0,33306000,2200,150000000,25,spike_demand
398,1.0,36246000,2200,150000000,25,spike_demand
399,1.0,34965000,2200,150000000,25,spike_demand
0,1.0,7707000,2200,150000000,25,spam_demand
1,1.0,0,2200,150000000,25,spam_demand
2,1.0,0,2200,150000000,25,spam_demand
3,1.0,0,2200,150000000,25,spam_demand
4,1.0,0,2200,150000000,25,spam_demand
5,1.0,0,2200,150000000,25,spam_demand
6,1.0,0,2200,150000000,25,spam_demand
7,1.0,0,2200,150000000,25,spam_demand
8,1.0,0,2200,150000000,25,spam_demand
9,1.0,0,2200,150000000,25,spam_demand
10,1.0,0,2200,150000000,25,spam_demand
11,1.0,0,2200,150000000,25,spam_demand
12,1.0,0,2200,150000000,25,spam_demand
13,1.0,0,2200,150000000,25,spam_demand
14,1.0,0,2200,150000000,25,spam_demand
15,1.0,0,2200,150000000,25,spam_demand
16,1.0,0,2200,150000000,25,spam_demand
17,1.0,0,2200,150000000,25,spam_demand
18,1.0,0,2200,150000000,25,spam_demand
19,1.0,0,2200,150000000,25,spam_demand
20,1.0,0,2200,150000000,25,spam_demand
21,1.0,0,2200,150000000,25,spam_demand
22,1.0,0,2200,150000000,25,spam_demand
23,1.0,0,2200,150000000,25,spam_demand
24,1.0,0,2200,150000000,25,spam_demand
25,1.0,0,2200,150000000,25,spam_demand
26,1.0,0,2200,150000000,25,spam_demand
27,1.0,0,2200,150000000,25,spam_demand
28,1.0,0,2200,150000000,25,spam_demand
29,1.0,0,2200,150000000,25,spam_demand
30,1.0,0,2200,150000000,25,spam_demand
31,1.0,0,2200,150000000,25,spam_demand
32,1.0,0,2200,150000000,25,spam_demand
33,1.0,0,2200,150000000,25,spam_demand
34,1.0,0,2200,150000000,25,spam_demand
35,1.0,0,2200,150000000,25,spam_demand
36,1.0,0,2200,150000000,25,spam_demand
37,1.0,0,2200,150000000,25,spam_demand
38,1.0,0,2200,150000000,25,spam_demand
39,1.0,0,2200,150000000,25,spam_demand
40,1.0,0,2200,150000000,25,spam_demand
41,1.0,0,2200,150000000,25,spam_demand
42,1.0,0,2200,150000000,25,spam_demand
43,1.0,0,2200,150000000,25,spam_demand
44,1.0,0,2200,150000000,25,spam_demand
45,1.0,0,2200,150000000,25,spam_demand
46,1.0,0,2200,150000000,25,spam_demand
47,1.0,0,2200,150000000,25,spam_demand
48,1.0,0,2200,150000000,25,spam_demand
49,1.0,0,2200,150000000,25,spam_demand
50,1.0,0,2200,150000000,25,spam_demand
51,1.0,0,2200,150000000,25,spam_demand
52,1.0,0,2200,150000000,25,spam_demand
53,1.0,0,2200,150000000,25,spam_demand
54,1.0,0,2200,150000000,25,spam_demand
55,1.0,0,2200,150000000,25,spam_demand
56,1.0,0,2200,150000000,25,spam_demand
57,1.0,0,2200,150000000,25,spam_demand
58,1.0,0,2200,150000000,25,spam_demand
59,1.0,0,2200,150000000,25,spam_demand
60,1.0,0,2200,150000000,25,spam_demand
61,1.0,0,2200,150000000,25,spam_demand
62,1.0,0,2200,150000000,25,spam_demand
63,1.0,0,2200,150000000,25,spam_demand
64,1.0,0,2200,150000000,25,spam_demand
65,1.0,0,2200,150000000,25,spam_demand
66,1.0,0,2200,150000000,25,spam_demand
67,1.0,0,2200,150000000,25,spam_demand
68,1.0,0,2200,150000000,25,spam_demand
69,1.0,0,2200,150000000,25,spam_demand
70,1.0,0,2200,150000000,25,spam_demand
71,1.0,0,2200,150000000,25,spam_demand
72,1.0,0,2200,150000000,25,spam_demand
73,1.0,0,2200,150000000,25,spam_demand
74,1.0,0,2200,150000000,25,spam_demand
75,1.0,0,2200,150000000,25,spam_demand
76,1.0,0,2200,150000000,25,spam_demand
77,1.0,0,2200,150000000,25,spam_demand
78,1.0,0,2200,150000000,25,spam_demand
79,1.0,0,2200,150000000,25,spam_demand
80,1.0,0,2200,150000000,25,spam_demand
81,1.0,0,2200,150000000,25,spam_demand
82,1.0,0,2200,150000000,25,spam_demand
83,1.0,0,2200,150000000,25,spam_demand
84,1.0,0,2200,150000000,25,spam_demand
85,1.0,0,2200,150000000,25,spam_demand
86,1.0,0,2200,150000000,25,spam_demand
87,1.0,0,2200,150000000,25,spam_demand
88,1.0,0,2200,150000000,25,spam_demand
89,1.0,0,2200,150000000,25,spam_demand
90,1.0,0,2200,150000000,25,spam_demand
91,1.0,0,2200,150000000,25,spam_demand
92,1.0,0,2200,150000000,25,spam_demand
93,1.0,0,2200,150000000,25,spam_demand
94,1.0,0,2200,150000000,25,spam_demand
95,1.0,0,2200,150000000,25,spam_demand
96,1.0,0,2200,150000000,25,spam_demand
97,1.0,0,2200,150000000,25,spam_demand
98,1.0,0,2200,150000000,25,spam_demand
99,1.0,0,2200,150000000,25,spam_demand
100,1.0,0,2200,150000000,25,spam_demand
101,1.0,0,2200,150000000,25,spam_demand
102,1.0,0,2200,150000000,25,spam_demand
103,1.0,0,2200,150000000,25,spam_demand
104,1.0,0,2200,150000000,25,spam_demand
105,1.0,0,2200,150000000,25,spam_demand
106,1.0,0,2200,150000000,25,spam_demand
107,1.0,0,2200,150000000,25,spam_demand
108,1.0,0,2200,150000000,25,spam_demand
109,1.0,0,2200,150000000,25,spam_demand
110,1.0,0,2200,150000000,25,spam_demand
111,1.0,0,2200,150000000,25,spam_demand
112,1.0,0,2200,150000000,25,spam_demand
113,1.0,0,2200,150000000,25,spam_demand
114,1.0,0,2200,150000000,25,spam_demand
115,1.0,0,2200,150000000,25,spam_demand
116,1.0,0,2200,150000000,25,spam_demand
117,1.0,0,2200,150000000,25,spam_demand
118,1.0,0,2200,150000000,25,spam_demand
119,1.0,0,2200,150000000,25,spam_demand
120,1.0,0,2200,150000000,25,spam_demand
121,1.0,0,2200,150000000,25,spam_demand
122,1.0,0,2200,150000000,25,spam_demand
123,1.0,0,2200,150000000,25,spam_demand
124,1.0,0,2200,150000000,25,spam_demand
125,1.0,0,2200,150000000,25,spam_demand
126,1.0,0,2200,150000000,25,spam_demand
127,1.0,0,2200,150000000,25,spam_demand
128,1.0,0,2200,150000000,25,spam_demand
129,1.0,0,2200,150000000,25,spam_demand
130,1.0,0,2200,150000000,25,spam_demand
131,1.0,0,2200,150000000,25,spam_demand
132,1.0,0,2200,150000000,25,spam_demand
133,1.0,0,2200,150000000,25,spam_demand
134,1.0,0,2200,150000000,25,spam_demand
135,1.0,0,2200,150000000,25,spam_demand
136,1.0,0,2200,150000000,25,spam_demand
137,1.0,0,2200,150000000,25,spam_demand
138,1.0,0,2200,150000000,25,spam_demand
139,1.0,0,2200,150000000,25,spam_demand
140,1.0,0,2200,150000000,25,spam_demand
141,1.0,0,2200,150000000,25,spam_demand
142,1.0,0,2200,150000000,25,spam_demand
143,1.0,0,2200,150000000,25,spam_demand
144,1.0,0,2200,150000000,25,spam_demand
145,1.0,0,2200,150000000,25,spam_demand
146,1.0,0,2200,150000000,25,spam_demand
147,1.0,0,2200,150000000,25,spam_demand
148,1.0,0,2200,150000000,25,spam_demand
149,1.0,0,2200,150000000,25,spam_demand
150,1.0,0,2200,150000000,25,spam_demand
151,1.0,0,2200,150000000,25,spam_demand
152,1.0,0,2200,150000000,25,spam_demand
153,1.0,0,2200,150000000,25,spam_demand
154,1.0,0,2200,150000000,25,spam_demand
155,1.0,0,2200,150000000,25,spam_demand
156,1.0,0,2200,150000000,25,spam_demand
157,1.0,0,2200,150000000,25,spam_demand
158,1.0,0,2200,150000000,25,spam_demand
159,1.0,0,2200,150000000,25,spam_demand
160,1.0,0,2200,150000000,25,spam_demand
161,1.0,0,2200,150000000,25,spam_demand
162,1.0,0,2200,150000000,25,spam_demand
163,1.0,0,2200,150000000,25,spam_demand
164,1.0,0,2200,150000000,25,spam_demand
165,1.0,0,2200,150000000,25,spam_demand
166,1.0,0,2200,150000000,25,spam_demand
167,1.0,0,2200,150000000,25,spam_demand
168,1.0,0,2200,150000000,25,spam_demand
169,1.0,0,2200,150000000,25,spam_demand
170,1.0,0,2200,150000000,25,spam_demand
171,1.0,0,2200,150000000,25,spam_demand
172,1.0,0,2200,150000000,25,spam_demand
173,1.0,0,2200,150000000,25,spam_demand
174,1.0,0,2200,150000000,25,spam_demand
175,1.0,0,2200,150000000,25,spam_demand
176,1.0,0,2200,150000000,25,spam_demand
177,1.0,0,2200,150000000,25,spam_demand
178,1.0,0,2200,150000000,25,spam_demand
179,1.0,0,2200,150000000,25,spam_demand
180,1.0,0,2200,150000000,25,spam_demand
181,1.0,0,2200,150000000,25,spam_demand
182,1.0,0,2200,150000000,25,spam_demand
183,1.0,0,2200,150000000,25,spam_demand
184,1.0,0,2200,150000000,25,spam_demand
185,1.0,0,2200,150000000,25,spam_demand
186,1.0,0,2200,150000000,25,spam_demand
187,1.0,0,2200,150000000,25,spam_demand
188,1.0,0,2200,150000000,25,spam_demand
189,1.0,0,2200,150000000,25,spam_demand
190,1.0,0,2200,150000000,25,spam_demand
191,1.0,0,2200,150000000,25,spam_demand
192,1.0,0,2200,150000000,25,spam_demand
193,1.0,0,2200,150000000,25,spam_demand
194,1.0,0,2200,150000000,25,spam_demand
195,1.0,0,2200,150000000,25,spam_demand
196,1.0,0,2200,150000000,25,spam_demand
197,1.0,0,2200,150000000,25,spam_demand
198,1.0,0,2200,150000000,25,spam_demand
199,1.0,0,2200,150000000,25,spam_demand
200,1.0,0,2200,150000000,25,spam_demand
201,1.0,0,2200,150000000,25,spam_demand
202,1.0,0,2200,150000000,25,spam_demand
203,1.0,0,2200,150000000,25,spam_demand
204,1.0,0,2200,150000000,25,spam_demand
205,1.0,0,2200,150000000,25,spam_demand
206,1.0,0,2200,150000000,25,spam_demand
207,1.0,0,2200,150000000,25,spam_demand
208,1.0,0,2200,150000000,25,spam_demand
209,1.0,0,2200,150000000,25,spam_demand
210,1.0,0,2200,150000000,25,spam_demand
211,1.0,0,2200,150000000,25,spam_demand
212,1.0,0,2200,150000000,25,spam_demand
213,1.0,0,2200,150000000,25,spam_demand
214,1.0,0,2200,150000000,25,spam_demand
215,1.0,0,2200,150000000,25,spam_demand
216,1.0,0,2200,150000000,25,spam_demand
217,1.0,0,2200,150000000,25,spam_demand
218,1.0,0,2200,150000000,25,spam_demand
219,1.0,0,2200,150000000,25,spam_demand
220,1.0,0,2200,150000000,25,spam_demand
221,1.0,0,2200,150000000,25,spam_demand
222,1.0,0,2200,150000000,25,spam_demand
223,1.0,0,2200,150000000,25,spam_demand
224,1.0,0,2200,150000000,25,spam_demand
225,1.0,0,2200,150000000,25,spam_demand
226,1.0,0,2200,150000000,25,spam_demand
227,1.0,0,2200,150000000,25,spam_demand
228,1.0,0,2200,150000000,25,spam_demand
229,1.0,0,2200,150000000,25,spam_demand
230,1.0,0,2200,150000000,25,spam_demand
231,1.0,0,2200,150000000,25,spam_demand
232,1.0,0,2200,150000000,25,spam_demand
233,1.0,0,2200,150000000,25,spam_demand
234,1.0,0,2200,150000000,25,spam_demand
235,1.0,0,2200,150000000,25,spam_demand
236,1.0,0,2200,150000000,25,spam_demand
237,1.0,0,2200,150000000,25,spam_demand
238,1.0,0,2200,150000000,25,spam_demand
239,1.0,0,2200,150000000,25,spam_demand
240,1.0,0,2200,150000000,25,spam_demand
241,1.0,0,2200,150000000,25,spam_demand
242,1.0,0,2200,150000000,25,spam_demand
243,1.0,0,2200,150000000,25,spam_demand
244,1.0,0,2200,150000000,25,spam_demand
245,1.0,0,2200,150000000,25,spam_demand
246,1.0,0,2200,150000000,25,spam_demand
247,1.0,0,2200,150000000,25,spam_demand
248,1.0,0,2200,150000000,25,spam_demand
249,1.0,0,2200,150000000,25,spam_demand
250,1.0,0,2200,150000000,25,spam_demand
251,1.0,0,2200,150000000,25,spam_demand
252,1.0,0,2200,150000000,25,spam_demand
253,1.0,0,2200,150000000,25,spam_demand
254,1.0,0,2200,150000000,25,spam_demand
255,1.0,0,2200,150000000,25,spam_demand
256,1.0,0,2200,150000000,25,spam_demand
257,1.0,0,2200,150000000,25,spam_demand
258,1.0,0,2200,150000000,25,spam_demand
259,1.0,0,2200,150000000,25,spam_demand
260,1.0,0,2200,150000000,25,spam_demand
261,1.0,0,2200,150000000,25,spam_demand
262,1.0,0,2200,150000000,25,spam_demand
263,1.0,0,2200,150000000,25,spam_demand
264,1.0,0,2200,150000000,25,spam_demand
265,1.0,0,2200,150000000,25,spam_demand
266,1.0,0,2200,150000000,25,spam_demand
267,1.0,0,2200,150000000,25,spam_demand
268,1.0,0,2200,150000000,25,spam_demand
269,1.0,0,2200,150000000,25,spam_demand
270,1.0,0,2200,150000000,25,spam_demand
271,1.0,0,2200,150000000,25,spam_demand
272,1.0,0,2200,150000000,25,spam_demand
273,1.0,0,2200,150000000,25,spam_demand
274,1.0,0,2200,150000000,25,spam_demand
275,1.0,0,2200,150000000,25,spam_demand
276,1.0,0,2200,150000000,25,spam_demand
277,1.0,0,2200,150000000,25,spam_demand
278,1.0,0,2200,150000000,25,spam_demand
279,1.0,0,2200,150000000,25,spam_demand
280,1.0,0,2200,150000000,25,spam_demand
281,1.0,0,2200,150000000,25,spam_demand
282,1.0,0,2200,150000000,25,spam_demand
283,1.0,0,2200,150000000,25,spam_demand
284,1.0,0,2200,150000000,25,spam_demand
285,1.0,0,2200,150000000,25,spam_demand
286,1.0,0,2200,150000000,25,spam_demand
287,1.0,0,2200,150000000,25,spam_demand
288,1.0,0,2200,150000000,25,spam_demand
289,1.0,0,2200,150000000,25,spam_demand
290,1.0,0,2200,150000000,25,spam_demand
291,1.0,0,2200,150000000,25,spam_demand
292,1.0,0,2200,150000000,25,spam_demand
293,1.0,0,2200,150000000,25,spam_demand
294,1.0,0,2200,150000000,25,spam_demand
295,1.0,0,2200,150000000,25,spam_demand
296,1.0,0,2200,150000000,25,spam_demand
297,1.0,0,2200,150000000,25,spam_demand
298,1.0,0,2200,150000000,25,spam_demand
299,1.0,0,2200,150000000,25,spam_demand
300,1.0,0,2200,150000000,25,spam_demand
301,1.0,0,2200,150000000,25,spam_demand
302,1.0,0,2200,150000000,25,spam_demand
303,1.0,0,2200,150000000,25,spam_demand
304,1.0,0,2200,150000000,25,spam_demand
305,1.0,0,2200,150000000,25,spam_demand
306,1.0,0,2200,150000000,25,spam_demand
307,1.0,0,2200,150000000,25,spam_demand
308,1.0,0,2200,150000000,25,spam_demand
309,1.0,0,2200,150000000,25,spam_demand
310,1.0,0,2200,150000000,25,spam_demand
311,1.0,0,2200,150000000,25,spam_demand
312,1.0,0,2200,150000000,25,spam_demand
313,1.0,0,2200,150000000,25,spam_demand
314,1.0,0,2200,150000000,25,spam_demand
315,1.0,0,2200,150000000,25,spam_demand
316,1.0,0,2200,150000000,25,spam_demand
317,1.0,0,2200,150000000,25,spam_demand
318,1.0,0,2200,150000000,25,spam_demand
319,1.0,0,2200,150000000,25,spam_demand
320,1.0,0,2200,150000000,25,spam_demand
321,1.0,0,2200,150000000,25,spam_demand
322,1.0,0,2200,150000000,25,spam_demand
323,1.0,0,2200,150000000,25,spam_demand
324,1.0,0,2200,150000000,25,spam_demand
325,1.0,0,2200,150000000,25,spam_demand
326,1.0,0,2200,150000000,25,spam_demand
327,1.0,0,2200,150000000,25,spam_demand
328,1.0,0,2200,150000000,25,spam_demand
329,1.0,0,2200,150000000,25,spam_demand
330,1.0,0,2200,150000000,25,spam_demand
331,1.0,0,2200,150000000,25,spam_demand
332,1.0,0,2200,150000000,25,spam_demand
333,1.0,0,2200,150000000,25,spam_demand
334,1.0,0,2200,150000000,25,spam_demand
335,1.0,0,2200,150000000,25,spam_demand
336,1.0,0,2200,150000000,25,spam_demand
337,1.0,0,2200,150000000,25,spam_demand
338,1.0,0,2200,150000000,25,spam_demand
339,1.0,0,2200,150000000,25,spam_demand
340,1.0,0,2200,150000000,25,spam_demand
341,1.0,0,2200,150000000,25,spam_demand
342,1.0,0,2200,150000000,25,spam_demand
343,1.0,0,2200,150000000,25,spam_demand
344,1.0,0,2200,150000000,25,spam_demand
345,1.0,0,2200,150000000,25,spam_demand
346,1.0,0,2200,150000000,25,spam_demand
347,1.0,0,2200,150000000,25,spam_demand
348,1.0,0,2200,150000000,25,spam_demand
349,1.0,0,2200,150000000,25,spam_demand
350,1.0,0,2200,150000000,25,spam_demand
351,1.0,0,2200,150000000,25,spam_demand
352,1.0,0,2200,150000000,25,spam_demand
353,1.0,0,2200,150000000,25,spam_demand
354,1.0,0,2200,150000000,25,spam_demand
355,1.0,0,2200,150000000,25,spam_demand
356,1.0,0,2200,150000000,25,spam_demand
357,1.0,0,2200,150000000,25,spam_demand
358,1.0,0,2200,150000000,25,spam_demand
359,1.0,0,2200,150000000,25,spam_demand
360,1.0,0,2200,150000000,25,spam_demand
361,1.0,0,2200,150000000,25,spam_demand
362,1.0,0,2200,150000000,25,spam_demand
363,1.0,0,2200,150000000,25,spam_demand
364,1.0,0,2200,150000000,25,spam_demand
365,1.0,0,2200,150000000,25,spam_demand
366,1.0,0,2200,150000000,25,spam_demand
367,1.0,0,2200,150000000,25,spam_demand
368,1.0,0,2200,150000000,25,spam_demand
369,1.0,0,2200,150000000,25,spam_demand
370,1.0,0,2200,150000000,25,spam_demand
371,1.0,0,2200,150000000,25,spam_demand
372,1.0,0,2200,150000000,25,spam_demand
373,1.0,0,2200,150000000,25,spam_demand
374,1.0,0,2200,150000000,25,spam_demand
375,1.0,0,2200,150000000,25,spam_demand
376,1.0,0,2200,150000000,25,spam_demand
377,1.0,0,2200,150000000,25,spam_demand
378,1.0,0,2200,150000000,25,spam_demand
379,1.0,0,2200,150000000,25,spam_demand
380,1.0,0,2200,150000000,25,spam_demand
381,1.0,0,2200,150000000,25,spam_demand
382,1.0,0,2200,150000000,25,spam_demand
383,1.0,0,2200,150000000,25,spam_demand
384,1.0,0,2200,150000000,25,spam_demand
385,1.0,0,2200,150000000,25,spam_demand
386,1.0,0,2200,150000000,25,spam_demand
387,1.0,0,2200,150000000,25,spam_demand
388,1.0,0,2200,150000000,25,spam_demand
389,1.0,0,2200,150000000,25,spam_demand
390,1.0,0,2200,150000000,25,spam_demand
391,1.0,0,2200,150000000,25,spam_demand
392,1.0,0,2200,150000000,25,spam_demand
393,1.0,0,2200,150000000,25,spam_demand
394,1.0,0,2200,150000000,25,spam_demand
395,1.0,0,2200,150000000,25,spam_demand
396,1.0,0,2200,150000000,25,spam_demand
397,1.0,0,2200,150000000,25,spam_demand
398,1.0,0,2200,150000000,25,spam_demand
399,1.0,0,2200,150000000,25,spam_demand
